id,likeNum,commentsLen,reposts_count,region,content,contentLen,created_at,type,detailUrl,authorAvatar,authorName,authorDetail,isVip,Sentiment
5030634668166539,337,7,0,广东,难怪王校长当年倾心她！谁Hold得了这份天然的美貌啊！33岁却似23岁，短裙配中筒靴，满满都是青春活力！身材更是没话说，真是羡慕嫉妒恨啊！ ​,130,2024-05-05,热门,https://weibo.com/5030634668166539/OcQWKygun,"https://tvax2.sinaimg.cn/crop.0.0.1080.1080.180/006gAagBly8hkzhss8otmj30u00u0whl.jpg?KID=imgbed,tva&Expires=1714914028&ssig=FSAcQHu2c3",许筱菲,https://weibo.com/u/5741837645,1.0,正面
5030679282713127,294,118,16,四川,"一位19岁的女生自曝和来中国短期旅游的黒人同居，目前这位女生已经怀孕五个月。
还说那位的黑人“比较暴力”，而据她自己发的照片可以看到她腿上有未消的淤青…… 短期来旅游的黒人是否非法逗留？ ​",182,2024-05-05,热门,https://weibo.com/5030679282713127/OcS6IbnO7,"https://tvax3.sinaimg.cn/crop.0.0.1080.1080.180/008yMvg5ly8hjp1zn6z5fj30u00u0dhu.jpg?KID=imgbed,tva&Expires=1714914028&ssig=G6dbn0hql1",李戚同学,https://weibo.com/u/7843017985,1.0,负面
5023223416881540,4991,543,235,上海,都睡了吧 那我开始了！ ​,21,2024-04-15,热门,https://weibo.com/5023223416881540/O9K97sScA,"https://tvax3.sinaimg.cn/crop.0.0.1080.1080.180/a7c869e8ly8grtp0t4uoqj20u00u0789.jpg?KID=imgbed,tva&Expires=1714914028&ssig=Qx6cjQtXcl",MR-白冰,https://weibo.com/u/2814929384,0.0,正面
5022657334741968,8892,2069,162,北京,如果你正在逛小米之家，在留言区贴张照片 [酷][酷][酷] ​,51,2024-04-13,热门,https://weibo.com/5022657334741968/O9vq5jTBm,"https://tvax4.sinaimg.cn/crop.0.0.1080.1080.180/001Un9Srly8h3fpj11yjyj60u00u0q7f02.jpg?KID=imgbed,tva&Expires=1714914028&ssig=BTICjJ2pl4",雷军,https://weibo.com/u/1749127163,0.0,正面
5029494606269544,4393,272,9,广东,张杰快奔5的老人了，演唱会为什么要下油啊，看起来真脏 ​,51,2024-05-02,热门,https://weibo.com/5029494606269544/OcnhWqiZG,"https://tvax2.sinaimg.cn/crop.0.0.600.600.180/005CwuyDly8hcjem6esw2j30go0gognb.jpg?KID=imgbed,tva&Expires=1714914028&ssig=DHgDIB4Mt8",影视圈扒姐,https://weibo.com/u/5149908891,1.0,负面
5029850197000370,853,132,16,湖南,我和丈夫照顾了三年瘫痪的公公，上周公公突然去世。在整理公公的卧室时，我们在他的衣柜里发现了一张60万的存折。丈夫担心银行会知道公公去世的消息，所以想尽快把公公的钱取出来。然而，当他去银行取钱时，不仅没能取出钱，反而给自己带来了麻烦。我问丈夫怎么回事？只要不让银行知道公公去世，他就可 ​,1100,2024-05-03,热门,https://weibo.com/5029850197000370/Ocwxttn7c,"https://tvax4.sinaimg.cn/crop.0.0.960.960.180/0070XCsZly8hfhia4cp33j30qo0qo0ui.jpg?KID=imgbed,tva&Expires=1714914028&ssig=wEnoBLi0aP",懒猫-菇凉,https://weibo.com/u/6427139045,0.0,正面
5019501600705790,1604,256,44,上海,斌哥这是又化到缘了？背后可是大人物[喵喵] ​,40,2024-04-04,热门,https://weibo.com/5019501600705790/O8bkc2XBI,"https://tvax2.sinaimg.cn/crop.0.0.1080.1080.180/dc896f20ly8h0cmtx12lgj20u00u0jv9.jpg?KID=imgbed,tva&Expires=1714914028&ssig=E3Q3MwIrti",庞珅_shen,https://weibo.com/u/3699994400,1.0,正面
5030374111448836,71,14,1,湖北,Lisa和Lv三公子同台秀恩爱，两个人土得不相上下，Lv还是给其他代言人展示吧 ​,70,2024-05-04,热门,https://weibo.com/5030374111448836/OcKav64Uk,"https://tvax2.sinaimg.cn/crop.0.0.1080.1080.180/5d9f7b84ly8gdi6ney29rj20u00u0tar.jpg?KID=imgbed,tva&Expires=1714914028&ssig=zllTeY0VdX",潮流,https://weibo.com/u/1570732932,0.0,正面
5024791003662897,2313,252,65,江西,民国时期的中国和现在的日本韩国没啥区别，都是美国的半殖民地 ​,58,2024-04-19,热门,https://weibo.com/5024791003662897/OaoVufmSZ,"https://tvax2.sinaimg.cn/crop.0.0.1080.1080.180/0089kMRmly8glu78ylzexj30u00u0dgu.jpg?KID=imgbed,tva&Expires=1714914028&ssig=dRZAGQYTbA",军武吐槽,https://weibo.com/u/7467004060,1.0,正面
5027890909151318,1282,163,54,广东,买了布加迪，从海外运回来得有专门的木箱子，运费价格听说要3辆小米SU7……羡慕了 ​,76,2024-04-27,热门,https://weibo.com/5027890909151318/ObHzkCoFU,"https://tvax2.sinaimg.cn/crop.0.0.996.996.180/4060a1d1ly8g17eu39jf5j20ro0roact.jpg?KID=imgbed,tva&Expires=1714914028&ssig=s%2BuatuWsoK",OKei,https://weibo.com/u/1080074705,0.0,正面
5030624725306839,297,185,5,广东,"看了胖猫姐姐以前的微博，三观太正了。
如果你能把苹果手机换成华为那就更好了。
作为爱国者，我给大家科普一下，华为是民族品牌，而苹果是美国品牌。

#胖猫姐姐##胖猫事件##胖猫姐姐发声向大家征集证据材料# ​",194,2024-05-05,热门,https://weibo.com/5030624725306839/OcQGImgyb,"https://tvax3.sinaimg.cn/crop.0.0.306.306.180/e3f01925ly8hovctqbut3j208i08i3yq.jpg?KID=imgbed,tva&Expires=1714914031&ssig=jUfTaRp88r",爱国张慕斯,https://weibo.com/u/3824163109,1.0,正面
5030627676523682,294,103,67,四川,那年章子怡25岁，保罗沃克很廉价的感觉，保罗想索吻章子怡，被章子怡婉拒。 ​,70,2024-05-05,热门,https://weibo.com/5030627676523682/OcQLtrn6G,"https://tva2.sinaimg.cn/crop.0.0.180.180.180/4e39f084jw1e8qgp5bmzyj2050050aa8.jpg?KID=imgbed,tva&Expires=1714914031&ssig=nfKT%2FSA2zY",娱乐圈探班,https://weibo.com/u/1312419972,0.0,负面
5027510271872348,943,79,12,河北,"高速服务区里，老大爷用自带的简易盆泡脚，我说大爷我能拍一下吗？大爷说没人认识我你随便拍[哈哈]
大爷说在全国自驾游，到服务区接点热水泡泡脚，没聊两句老伴来了。挺幸福，挺好[太阳] ​",173,2024-04-26,热门,https://weibo.com/5027510271872348/ObxFp7R5a,"https://tvax4.sinaimg.cn/crop.0.0.1125.1125.180/7c593396ly8fq28yzpy98j20v90v9dhn.jpg?KID=imgbed,tva&Expires=1714914031&ssig=QkX9z%2FeB0f",闫闯,https://weibo.com/u/2086220694,0.0,正面
5030455798140612,412,44,18,江苏,还以为我看错了… http://t.cn/A6H7VEEu ​,37,2024-05-04,热门,https://weibo.com/5030455798140612/OcMify9Kc,"https://tvax4.sinaimg.cn/crop.0.0.1080.1080.180/69465dd9ly8hddcda78jjj20u00u0dj3.jpg?KID=imgbed,tva&Expires=1714914031&ssig=RdwMcw5EXW",谭允颜,https://weibo.com/u/1766219225,0.0,负面
5030417566274683,822,212,5,广东,"大逆转！21岁重庆胖猫跳江反转！网友列出3大疑点，姐姐遭网爆
重庆21岁的胖猫，大家原本都以为他是因为感情受挫跳江自杀了，可没想到这事件居然反转了，搞得胖猫的姐姐被网友们一顿猛批，真是让人看了都生气！
首先，胖猫跳江的事儿，就让人觉得不对劲。官方通报说救了个21岁跳江的男子，可为啥胖猫跳 ​",871,2024-05-04,热门,https://weibo.com/5030417566274683/OcLiAqkkz,"https://tvax4.sinaimg.cn/crop.0.0.640.640.180/006qq7foly8hhuwmn475kj30hs0hs74i.jpg?KID=imgbed,tva&Expires=1714914031&ssig=qzRKjOX5Dj",财哥论股A,https://weibo.com/u/5887206118,0.0,负面
5029844731561426,98,35,28,安徽,马斯克的穿搭有种喜感 ​,20,2024-05-03,热门,https://weibo.com/5029844731561426/OcwoF6yci,"https://tvax1.sinaimg.cn/crop.0.0.1080.1080.180/007yFA9fly8hohegboapxj30u00u0wjk.jpg?KID=imgbed,tva&Expires=1714914031&ssig=ZfWz50IBOg",娱小音儿,https://weibo.com/u/6925235653,0.0,正面
5030670294058511,47,31,3,福建,无人机下的许广高速，建于2006年，这样的高架桥永远也不会塌方，很安全吧！ ​,70,2024-05-05,热门,https://weibo.com/5030670294058511/OcRSdh1NR,"https://tvax3.sinaimg.cn/crop.0.0.260.260.180/008saguxly8h01dbf09v4j307m078a9x.jpg?KID=imgbed,tva&Expires=1714914031&ssig=VSNSUBXPPZ",思想沸点,https://weibo.com/u/7745246741,0.0,正面
5030621613135063,791,52,10,江苏,为了炒作真的是没有下限…… http://t.cn/A6H7EMc2 ​,47,2024-05-05,热门,https://weibo.com/5030621613135063/OcQBHd9zx,"https://tvax1.sinaimg.cn/crop.0.0.1006.1006.180/002lSeH0ly8gu5257w9l4j60ry0rydi402.jpg?KID=imgbed,tva&Expires=1714914031&ssig=x%2FmhaBAxsn",谭妤伊,https://weibo.com/u/2155494914,0.0,负面
5030278018107535,611,201,17,山东,夜晚的小米和华为办公楼 ​,22,2024-05-04,热门,https://weibo.com/5030278018107535/OcHFvy18H,"https://tvax3.sinaimg.cn/crop.0.0.599.599.180/9bf6470dly1fes7tumqq5j20go0go7i8.jpg?KID=imgbed,tva&Expires=1714914031&ssig=5WiIZ%2F1d1N",科技房厂长,https://weibo.com/u/2616608525,0.0,正面
5007146612165009,702,194,7,广东,"来接儿子， 
开崽崽很爱的宝马i7，
这5.4米的车，
你看看我这技术，
不像某些人，
天天自称天才，
实际上啥都不是！  ​",128,2024-03-01,热门,https://weibo.com/5007146612165009/O2ZUN95dv,"https://tvax1.sinaimg.cn/crop.0.0.1079.1079.180/007Ea1s4ly8ha4agjm1nrj30tz0tzwgl.jpg?KID=imgbed,tva&Expires=1714914031&ssig=SixtmY5Yox",詹志斌同学,https://weibo.com/u/7006372128,0.0,正面
5030610150360418,9,0,0,河南,特别美丽的姐姐特别圆满的婚礼🎉  ​,53,2024-05-05,同城,https://weibo.com/5030610150360418/OcQjd1vLc,"https://tvax3.sinaimg.cn/crop.0.0.512.512.180/008g8W43ly8hnwfcnjjouj30e80e83zc.jpg?KID=imgbed,tva&Expires=1714914034&ssig=jYdZ3Ry7Be",匡什么呀匡,https://weibo.com/u/7567613859,0.0,正面
5030330979582462,1311,96,10,河南,天气变化#运动# 后注意身体 ​,25,2024-05-04,同城,https://weibo.com/5030330979582462/OcJ2VEcPQ,"https://tvax4.sinaimg.cn/crop.0.0.1024.1024.180/00759jQJly8hi9ty3y398j30sg0sgtay.jpg?KID=imgbed,tva&Expires=1714914034&ssig=ffdPJFKAKN",__奶9只是爱喝奶,https://weibo.com/u/6489032761,1.0,正面
5030657315308565,7,9,0,河南,收拾收拾回监狱le[开学季][抓狂][融化]  ​,56,2024-05-05,同城,https://weibo.com/5030657315308565/OcRxhmh01,"https://tvax2.sinaimg.cn/crop.0.0.512.512.180/005JO9qqly8hoztk1az71j30e80e8mz1.jpg?KID=imgbed,tva&Expires=1714914034&ssig=EuMFkPIrWt",THE1Yao,https://weibo.com/u/5257551914,0.0,正面
5030317614434550,1,7,0,河南,新疆味～  ​,29,2024-05-04,同城,https://weibo.com/5030317614434550/OcIHniBD0,"https://tvax2.sinaimg.cn/crop.0.0.512.512.180/00785t4Lly8hhg641svn3j30e80e8js9.jpg?KID=imgbed,tva&Expires=1714914034&ssig=GhUUG8fxFN",压我腿毛了YOLO,https://weibo.com/u/6532443923,0.0,正面
5029920504287717,7,2,0,河南,这里不是欧洲  是郑州！  ​,43,2024-05-03,同城,https://weibo.com/5029920504287717/OcymShZqJ,"https://tvax4.sinaimg.cn/crop.0.0.996.996.180/005LjvCely8gc8i7ek8fsj30ro0ro74p.jpg?KID=imgbed,tva&Expires=1714914034&ssig=L5cy5epYB3",三斤肥肉z,https://weibo.com/u/5279801718,0.0,正面
5030315413997330,22,3,0,四川,小县城最爱的馆子  ​,36,2024-05-04,同城,https://weibo.com/5030315413997330/OcIDPgLT4,"https://tvax2.sinaimg.cn/crop.0.0.512.512.180/49c2be3ely8geyzymkjmcj20e80e83zq.jpg?KID=imgbed,tva&Expires=1714914034&ssig=KRxyVG3sr7",AlexanderMAO,https://weibo.com/u/1237499454,0.0,正面
5029338291901475,2,3,0,河南,"#周末自在好去处# 
西流湖公园的花海  ​",55,2024-05-01,同城,https://weibo.com/5029338291901475/OcjdP7YEX,"https://tvax3.sinaimg.cn/crop.0.0.1080.1080.180/008uYu97ly8hht2o3byqej30u00u0djf.jpg?KID=imgbed,tva&Expires=1714914034&ssig=kKpgxK2tTr",小赖的秘密基地,https://weibo.com/u/7786768301,,正面
5029929156347685,5,2,0,河南,"无法预知每条路的尽头是否都有桃花源 也无法确定每一个选择是否都绝对正确 
调剂 耗费了我所有心力http://t.cn/ROhAPiw ​",111,2024-05-03,同城,https://weibo.com/5029929156347685/OcyAPqDk1,"https://tvax3.sinaimg.cn/crop.0.0.1080.1080.180/005UDsamly8hawbgsmsqej30u00u0q5y.jpg?KID=imgbed,tva&Expires=1714914034&ssig=3fTSyrX8cz",阳光洒在江河上,https://weibo.com/u/5417542042,0.0,正面
5030512752066788,206,30,1,河南,一辈子怎么这么长。。不喝真的活不下去。。 ​,40,2024-05-05,同城,https://weibo.com/5030512752066788/OcNM78FFi,"https://tvax2.sinaimg.cn/crop.0.0.1080.1080.180/006HQcKTly8h2eo7lu18dj30u00u0gms.jpg?KID=imgbed,tva&Expires=1714914034&ssig=Dvp4GYxoo8",吃饭三明治,https://weibo.com/u/6144621531,0.0,负面
5030659041267217,6,4,0,河南,整片麦田都是我的！  ​,39,2024-05-05,同城,https://weibo.com/5030659041267217/OcRA45jEZ,"https://tvax2.sinaimg.cn/crop.0.0.512.512.180/006wFDEily8gprquzz2spj30e80e8jrv.jpg?KID=imgbed,tva&Expires=1714914036&ssig=%2BzAC%2BhPyeI",芋圆多多不加糖_,https://weibo.com/u/5979563606,0.0,正面
5030416991389652,8,1,0,河南,小满胜万全[心] ​,14,2024-05-04,同城,https://weibo.com/5030416991389652/OcLhF5PvK,"https://tvax2.sinaimg.cn/crop.0.0.1080.1080.180/006nnfPPly8hp6swy9andj30u00u0dm1.jpg?KID=imgbed,tva&Expires=1714914036&ssig=RjulyO8dwz",Y_财神爷心尖宠,https://weibo.com/u/5842195137,0.0,正面
5030674570413096,0,0,0,河南,谁还没吃过火锅鸡[春游家族][春游家族][春游家族]  ​,67,2024-05-05,同城,https://weibo.com/5030674570413096/OcRZ71JsQ,"https://tvax4.sinaimg.cn/crop.0.0.512.512.180/6c750824ly8hgijhr4wykj20e80e8t98.jpg?KID=imgbed,tva&Expires=1714914036&ssig=BbWYzYdEmo",Y_WhoAmi,https://weibo.com/u/1819609124,0.0,正面
5029380492101130,6,3,0,河南,呆在没有天花板的地方大口呼吸⛺️  ​,53,2024-05-02,同城,https://weibo.com/5029380492101130/OckjT8OBc,"https://tvax3.sinaimg.cn/crop.0.0.512.512.180/69ac942aly8hmau24876pj20e80e8mxi.jpg?KID=imgbed,tva&Expires=1714914036&ssig=ZlrGttLqk0",王温暖-NN,https://weibo.com/u/1772917802,0.0,负面
5029340064514755,5,1,0,河南,一波存图，郑州的莫奈花园🥰  ​,48,2024-05-01,同城,https://weibo.com/5029340064514755/OcjgGiWuD,"https://tvax4.sinaimg.cn/crop.0.0.512.512.180/007diX4Xly8hjte1uup5rj30e80e8751.jpg?KID=imgbed,tva&Expires=1714914036&ssig=zWZEt2tXEH",艳菇凉plus,https://weibo.com/u/6609539199,0.0,正面
5030064859121751,3,0,0,河南,记录第一次露营🏕️~~  ​,43,2024-05-03,同城,https://weibo.com/5030064859121751/OcC7HCgZ1,"https://tvax4.sinaimg.cn/crop.0.0.1080.1080.180/005VI6Zwly8hej3n0wntbj30u00u0jw0.jpg?KID=imgbed,tva&Expires=1714914036&ssig=ZIwCm9iB7W",晴朗家的兔子小姐,https://weibo.com/u/5433428622,0.0,正面
5030474876978845,3162,164,136,安徽,VAC圆满结束 下次见 ​,18,2024-05-05,同城,https://weibo.com/5030474876978845/OcMN1thw1,"https://tvax4.sinaimg.cn/crop.0.0.1080.1080.180/008fSpJPly8hmpuwe4791j30u00u0tbz.jpg?KID=imgbed,tva&Expires=1714914036&ssig=rJ8gmBqdO%2B",炸蛋Boom_,https://weibo.com/u/7563676349,0.0,正面
5029659825931964,9,2,0,河南,郑州西流湖公园月季花海简直不要太美，千万不要错过这个下沉花海[鲜花]  ​,87,2024-05-02,同城,https://weibo.com/5029659825931964/OcrAqoTaQ,"https://tvax1.sinaimg.cn/crop.0.0.1080.1080.180/005M1bFGly8h0yl5y5byhj30u00u078j.jpg?KID=imgbed,tva&Expires=1714914036&ssig=PvDu1ymkBQ",Tian_丹,https://weibo.com/u/5290211484,0.0,正面
5028831923276491,8,3,0,河南,人随春好 春与人宜  ​,37,2024-04-30,同城,https://weibo.com/5028831923276491/Oc636dKmD,"https://tvax1.sinaimg.cn/crop.0.0.1080.1080.180/006jLOsily8hl4r9e5mlpj30u00u0n07.jpg?KID=imgbed,tva&Expires=1714914036&ssig=uhwHcqaucP",_HPEI,https://weibo.com/u/5788942746,0.0,正面
5030402442137885,0,0,0,河南,生活不在富足而在满足🍃  ​,45,2024-05-04,同城,https://weibo.com/5030402442137885/OcKUc8Ya1,"https://tvax2.sinaimg.cn/crop.0.0.1125.1125.180/4e0a38e2ly8fp0k3ysmvhj20v90v9tca.jpg?KID=imgbed,tva&Expires=1714914036&ssig=SI6k2O65dX",杨小小靖,https://weibo.com/u/1309292770,0.0,正面
5030241204962522,41117,2196,438,四川,谭竹深夜秒删声明被网友保存下来了，￼描述了这段感情的起始，对一些近期谣言澄清；否认没有骗钱，否认pua弟弟，否认钓鱼、否认最后一半个月拒绝见面，否认弟弟到重庆让他开花店，否认把弟弟丢在出租屋半年没管，也未约定过五月领证，否认过完生日后开始冷暴力要分手等……后续若此事继续发酵，我将通 ​,304,2024-05-04,榜单,https://weibo.com/5030241204962522/OcGI8kOYG,"https://tvax1.sinaimg.cn/crop.0.0.1018.1018.180/008x3fn8ly8hpd4fbbbbhj30sa0sawfl.jpg?KID=imgbed,tva&Expires=1714914040&ssig=UxOgAQKJ0c",我是21阿,https://weibo.com/u/7817455822,0.0,负面
5030075621709660,27256,405,3708,重庆,"今天，被央视这篇报道震撼到了😭😭

五一假期，广东高速的这起塌方事故，牵动了很多人的心，也夺走了几十人的生命。看了很多新闻，今天被央视这篇报道震撼到了。虽然只有几百字，但是读完忍不住流眼泪。

就像评论区有网友说的，「可以入选小学课本的程度」「这才是学过新闻学的」「文字是有力量的 ​",307,2024-05-03,榜单,https://weibo.com/5030075621709660/OcCp47aLa,"https://tvax4.sinaimg.cn/crop.0.0.664.664.180/006lOefaly8hkhm81n8t6j30ig0igabd.jpg?KID=imgbed,tva&Expires=1714914040&ssig=ksgEqKstTM",野比大雄,https://weibo.com/u/5819071204,0.0,正面
5030662411387156,8552,457,158,无,【#游泳教练憋气练习时意外溺亡# 家属：急救还是打视频现场教学】据大皖新闻报道：5月4日，河南郑州。一女子在社交平台上发布视频，称4月26日其弟弟在健身游泳馆游泳时，在众目睽睽之下溺水身亡。其姐姐称：溺水者沉入池底之后的十分钟里，该场馆没有工作人员进行施救，直到其他客人开展救援，才跟着下 ​,382,2024-05-05,榜单,https://weibo.com/5030662411387156/OcRFv5ORu,"https://tvax2.sinaimg.cn/crop.0.0.640.640.180/a2ab377aly8h8vhrhzetzj20hs0hsaap.jpg?KID=imgbed,tva&Expires=1714914040&ssig=G6PgphAF8P",海峡导报,https://weibo.com/u/2729129850,0.0,负面
5030281291760093,13993,1718,90,浙江,"#胖猫姐姐再回应# 
胖猫姐姐再回应了二点：
1、关于昨晚开直播的事：“是想告诉大家不要再送外卖了，网上流传的照片也不是弟弟，180万的事情也没有”
2、关于弟弟去世时间：“4月11日凌晨跳江，4月23日打捞上来的，所以火化证上显示23号去世，只有打捞上来才能确定逝去”
自己会竭尽全力为弟弟讨回公道 ​",280,2024-05-04,榜单,https://weibo.com/5030281291760093/OcHKN7nSB,"https://tvax2.sinaimg.cn/crop.0.0.1080.1080.180/006VkIRrly8h1zmmv9rtlj30u00u0gpe.jpg?KID=imgbed,tva&Expires=1714914040&ssig=WRsXA71q1l",知名青年娱晓张,https://weibo.com/u/6343987153,1.0,负面
5030681329533993,8949,138,1100,广东,旅游就这样发朋友圈 ​,18,2024-05-05,榜单,https://weibo.com/5030681329533993/OcSa0E0e5,"https://tvax4.sinaimg.cn/crop.0.0.1080.1080.180/005Hk6S7ly8gdj19wvf3gj30u00u0768.jpg?KID=imgbed,tva&Expires=1714914040&ssig=vNk5SCQzjl",豆豆说,https://weibo.com/u/5220839587,0.0,负面
5030640656843645,7484,436,1724,广东,有人弃我如杂草 有人视我如珍宝 ​,29,2024-05-05,榜单,https://weibo.com/5030640656843645/OcR6psIln,"https://tvax2.sinaimg.cn/crop.0.0.180.180.180/67dd74e0ly8fvv8h7c3ylj2050050aac.jpg?KID=imgbed,tva&Expires=1714914040&ssig=kyuDvuwXd9",思想聚焦,https://weibo.com/u/1742566624,0.0,正面
5030619377831449,11760,354,204,北京,"胖猫姐姐发微博：请了解真相并且愿意站出来作证的朋友请向我的私信发送证据，为弟弟讨回公道。我相信弟弟在另外一个世界也能感受到大家的温暖。 

#胖猫姐姐##胖猫姐姐发声向大家征集证据材料# ​",179,2024-05-05,榜单,https://weibo.com/5030619377831449/OcQy5wRjH,"https://tvax4.sinaimg.cn/crop.0.0.1080.1080.180/6c9f96b9ly8gdi7pnfryyj20u00u0jti.jpg?KID=imgbed,tva&Expires=1714914040&ssig=4k29VJYO27",八酱日常,https://weibo.com/u/1822398137,0.0,正面
5030689456000084,24245,1433,427,无,【#医院被举报代孕1小时后产妇出院被疑通风报信#，#卫健委称绝不可能通风报信代孕举报#】据奔流新闻：向重庆卫健部门举报辖区一医院涉嫌代孕后，涉嫌代孕的产妇紧急出院。5月5日，有网友发文质疑有人通风报信。当日中午，重庆市渝北区卫健委工作人员回应奔流新闻记者称，对举报信息严格保密，目前正在 ​,2011,2024-05-05,榜单,https://weibo.com/5030689456000084/OcSn7paTy,"https://tvax3.sinaimg.cn/crop.0.0.450.450.180/002wVUFrly8h8vgt7mcs2j60ci0ci0t002.jpg?KID=imgbed,tva&Expires=1714914040&ssig=S9Bs%2FfYMZ%2B",新浪热点,https://weibo.com/u/2318910945,0.0,负面
5030626080328943,12243,488,68,四川,#胖猫姐姐发声向大家征集证据材料#好幽默啊 胖猫姐姐找回账号的第一件事情 就是权限恶搞八一建军节的博文 ​,98,2024-05-05,榜单,https://weibo.com/5030626080328943/OcQIU1nzx,"https://tvax4.sinaimg.cn/crop.0.0.1080.1080.180/0065HAYTly8hmr3smrkhrj30u00u0abl.jpg?KID=imgbed,tva&Expires=1714914040&ssig=dC%2FQ%2BoFFw1",床上有26岁的老婆,https://weibo.com/u/5581068935,0.0,负面
5029723472399290,20490,163,61,江苏,谁懂剧本杀拿到这张卡时候的惊慌失措。。。 ​,40,2024-05-02,榜单,https://weibo.com/5029723472399290/Octf5a4ae,"https://tvax1.sinaimg.cn/crop.0.0.1080.1080.180/871fe7c1ly8hd45e0h83yj20u00u0gm4.jpg?KID=imgbed,tva&Expires=1714914040&ssig=oiy%2B9PJR8f",稻田雪兔,https://weibo.com/u/2267015105,0.0,正面
5030646420082741,13194,81,153,陕西,这是怎么做到统一的？ ​,20,2024-05-05,榜单,https://weibo.com/5030646420082741/OcRfI0lwx,"https://tvax2.sinaimg.cn/crop.0.0.828.828.180/006QKpwKly8hi3739w6ylj30n00n0taq.jpg?KID=imgbed,tva&Expires=1714914040&ssig=JGsTm3OTi2",liu_iiiiiirich,https://weibo.com/u/6276227682,1.0,负面
5030677576420151,100720,49076,107024,海南,🏖️🌴☀️ ​,14,2024-05-05,榜单,https://weibo.com/5030677576420151/OcS3XqWaP,"https://tva2.sinaimg.cn/crop.0.0.180.180.180/c260f7abjw1e8qgp5bmzyj2050050aa8.jpg?KID=imgbed,tva&Expires=1714914040&ssig=RTE9feUYVF",刘亦菲,https://weibo.com/u/3261134763,0.0,中性
5030681692609136,8475,348,536,浙江,#我也退出五一档了# 五一档电影五天无理由撤档！明天6号，我马上也要退出五一档了😭😭😭 http://t.cn/A6Hz7LAd ​,109,2024-05-05,榜单,https://weibo.com/5030681692609136/OcSaBaWKQ,"https://tvax2.sinaimg.cn/crop.0.0.1080.1080.180/a4e69739ly8fz6m3ho3tdj20u00u040a.jpg?KID=imgbed,tva&Expires=1714914040&ssig=D2OuOJyUvv",听月娱乐,https://weibo.com/u/2766575417,0.0,负面
5030414735639608,8165,2116,3129,陕西,五一看电影真是人山人海，看完大幂幂的电影，又去吃了一顿火锅，已经连着吃了两天了，悬疑喜剧，爱看，好喜欢大幂幂的红头发[嘻嘻]#微博尝鲜计划##我的五一火锅搭子# ​,154,2024-05-04,榜单,https://weibo.com/5030414735639608/OcLe1nF7q,"https://tvax1.sinaimg.cn/crop.0.0.501.501.180/7fef5149ly8h2rco8c29zj20dx0dxt8w.jpg?KID=imgbed,tva&Expires=1714914040&ssig=pLzwjdXcf7",一点元气酱,https://weibo.com/u/2146390345,1.0,正面
5030634126574202,18108,6909,30341,北京,听风入夏[微风][浮云][照相机] ​,28,2024-05-05,榜单,https://weibo.com/5030634126574202/OcQVSrAfw,"https://tvax4.sinaimg.cn/crop.0.0.1080.1080.180/001nYeCtly8hk2lpmkoznj60u00u0wgg02.jpg?KID=imgbed,tva&Expires=1714914040&ssig=9egmxsYam1",景甜,https://weibo.com/u/1270344441,0.0,正面
5030220022680394,24744,1516,1280,无,"【请不要嫌弃、疏远！#为什么人老了身上会有怪味#】很多人都有这样的感受：每次去老人家里，总感觉有一种怪味。在老人多的地方，也会有些味道。这股味道，好像是老人身上特有的。可老人自己却一点都闻不到……其实，“老人味”并不是你想多了，而是真的有。

有研究表明， 随着年纪增大，人体散发的风 ​",653,2024-05-04,榜单,https://weibo.com/5030220022680394/OcG9Ybfia,"https://tvax4.sinaimg.cn/crop.0.0.600.600.180/006yllNVly8h8wegdfz5fj30go0gojru.jpg?KID=imgbed,tva&Expires=1714914040&ssig=Nc71hkvfnX",梨视频,https://weibo.com/u/6004281123,0.0,正面
5030388198543748,31533,805,1983,中国香港,胖猫已经有粉丝站，大吧和超话了。 ​,32,2024-05-04,榜单,https://weibo.com/5030388198543748/OcKxdzQCo,"https://tvax1.sinaimg.cn/crop.0.0.200.200.180/ce434a48ly8gmucmqfhkkj205k05k74r.jpg?KID=imgbed,tva&Expires=1714914040&ssig=UWV2U9H%2FhR",HeyWarWars,https://weibo.com/u/3460516424,0.0,负面
5030252794085382,35954,1762,1005,无,#孙女称下跪拦车外公是超级英雄#【#梅大高速横停货车拦车司机发声#：我是退伍军人，危急时刻要保护人民生命和财产安全】在广东梅州市梅大高速茶阳路段发生塌方灾害时，司机王向楠果断将自己驾驶的厢式冷链货车横在路中央，避免了事态进一步发展。#梅大高速横停货车拦车司机获奖一万元#中国职工发展基金 ​,883,2024-05-04,榜单,https://weibo.com/5030252794085382/OcH0Ph8Ng,"https://tvax3.sinaimg.cn/crop.0.0.600.600.180/008cHdLily8h8vgz2g178j30go0go0tm.jpg?KID=imgbed,tva&Expires=1714914040&ssig=C4OhYxZDhk",九派新闻,https://weibo.com/u/7516679696,0.0,负面
5030338416608389,17363,1768,404,无,【#国铁集团回应高铁票价将上涨#】武广高铁、沪杭客专、沪昆客专、杭甬客专4条高铁票价将于6月开启涨价窗口，涨幅在19%-20%左右。12306网站客服称，折扣浮动策略将根据季节、客流强度等因素，由武广高铁决定，具体折扣标准旅客可以在12306网站购票时，通过页面显示获悉，武广高铁不会提前公布折扣标准 ​,721,2024-05-04,榜单,https://weibo.com/5030338416608389/OcJeVrJ8V,"https://tvax4.sinaimg.cn/crop.26.42.647.647.180/001MUaj1ly8h8vgnehpw0j60j60j6wf602.jpg?KID=imgbed,tva&Expires=1714914040&ssig=sc5IsYYz3i",新浪财经,https://weibo.com/u/1638782947,1.0,负面
5030321525360336,13145,1179,397,无,【破除“月经羞耻”，#关于月经紊乱的五大误区#】#半数以上月经紊乱的女性未到医院就诊# 月经并非一个仅属于女性的私密话题，它背后关乎广大女性的健康和尊严。“1/4~1/3的女性一生中都会出现月经紊乱。”中华医学会妇科内分泌学组委员兼秘书长、北京协和医院妇产科教授田秦杰近日表示，月经紊乱不仅是 ​,867,2024-05-04,榜单,https://weibo.com/5030321525360336/OcINGmut2,"https://tvax1.sinaimg.cn/crop.0.4.535.535.180/001Lvb9uly8h8vgoyk5brj60f00f0jrq02.jpg?KID=imgbed,tva&Expires=1714914040&ssig=5QW0H7FMjz",头条新闻,https://weibo.com/u/1618051664,0.0,正面
5030053827582060,23943,78,623,广东,"还有的人要求把外卖丢江里………你这一丢，江上负责打捞作业的环卫工人又要付出多大的工作量？他们也是别人家的儿女、父母、兄弟姐妹、同学老乡。他们也籍籍无名，活得“无人关注”，但你多丢一份，别人就得多弯一次腰，多加一会儿班。

他们祭奠的是具体的人，还是“热点事件里的人”，抑或只是自己狂 ​",1003,2024-05-03,榜单,https://weibo.com/5030053827582060/OcBPUvOri,"https://tva2.sinaimg.cn/crop.0.0.750.750.180/58067359jw8f35vk9h1b1j20ku0kujsp.jpg?KID=imgbed,tva&Expires=1714914043&ssig=%2FLyVE%2F2jVA",晏凌羊,https://weibo.com/u/1476817753,1.0,正面
5030253409338052,31526,1574,317,无,【#入职信息已婚填未婚遭公司解约#，法院：公司违法】#员工已婚填未婚遭解约公司被判违法#张某在攻读硕士期间即领取了结婚证，后入职某科技公司担任运营专员工作。在填写入职信息时，已婚的张某留意到人事对其婚育情况的关注与盘问，担心填写已婚后不能被录用，故在入职简历及入职登记表中的“婚姻状况 ​,880,2024-05-04,榜单,https://weibo.com/5030253409338052/OcH1ODbfK,"https://tvax1.sinaimg.cn/crop.11.10.275.275.180/005vnhZYly8ftjmwo0bx4j308c08cq32.jpg?KID=imgbed,tva&Expires=1714914043&ssig=Vqq1JEouDh",澎湃新闻,https://weibo.com/u/5044281310,0.0,负面
5030074102845120,11549,1098,317,无,【#胖猫跳江轻生事件法律能做些什么#？| 新京报快评】近日，一名21岁湖南男孩“胖猫”在重庆跳江自杀的悲剧，引发网友关注。据媒体报道，男孩因为游戏打得好，从事代练工作，“胖猫”是其游戏ID。本来大好的青春，何以走上不归路？“胖猫”姐姐查看弟弟的遗物后表示，弟弟之死与其女友有着密切的关系。 ​,733,2024-05-03,榜单,https://weibo.com/5030074102845120/OcCmCbW92,"https://tvax3.sinaimg.cn/crop.0.0.512.512.180/001Ngxkily8h8vm7jc1igj60e80e8q3a02.jpg?KID=imgbed,tva&Expires=1714914043&ssig=ULHK1iNnJE",新京报,https://weibo.com/u/1644114654,0.0,正面
5030051526217495,54033,1827,1451,无,【#他真的娶到了高中就想娶的女孩#】#女孩婚礼穿校服出场男孩回头瞬间流泪#近日，在山东，女孩婚礼穿校服出场，男孩回头瞬间流泪。网友：新郎哭的时候还不忘手插兜，帅是一种肌肉记忆。 http://t.cn/A6HPmkv8 ​,193,2024-05-03,榜单,https://weibo.com/5030051526217495/OcBMcq5sb,"https://tvax3.sinaimg.cn/crop.8.11.119.119.180/0034c2ttly8h8vg8d8h2ij6046046q2t02.jpg?KID=imgbed,tva&Expires=1714914043&ssig=eZZ8YT5U%2B2",新华网,https://weibo.com/u/2810373291,0.0,正面
5030625312510449,61102,13560,7550,韩国,#金钟大开通微博# 大家好，我是CHEN。以后在微博多多见面吧！ http://t.cn/A6H7nbYc ​,78,2024-05-05,榜单,https://weibo.com/5030625312510449/OcQHFax57,"https://tvax2.sinaimg.cn/crop.0.0.975.975.180/008DQcj5ly8hpega9lfhyj30r30r30u0.jpg?KID=imgbed,tva&Expires=1714914043&ssig=HrU3bqK7Vq",INB100_CHEN,https://weibo.com/u/7917780127,0.0,正面
5030237656056870,13873,643,399,无,【#韩最毒美女连环杀人犯真容曝光# 反社会人格测试拿最变态满分】#韩国一杀人犯反社会人格测试满分# 最近，韩国一档犯罪类纪实节目公布了“绝命毒妇”严仁淑的真实长相。这位在反社会人格障碍测试中拿到满分，直到现在都被韩国媒体称为“顶级蛇蝎毒妇”的女人，虽然外形清秀不俗，但杀人方法却极其残忍 ​,476,2024-05-04,榜单,https://weibo.com/5030237656056870/OcGCpppFs,"https://tvax4.sinaimg.cn/crop.0.0.799.799.180/002diGk7ly8h8vg36oqidj60m70m7mxs02.jpg?KID=imgbed,tva&Expires=1714914043&ssig=Ol%2FO7NNutW",新浪新闻,https://weibo.com/u/2028810631,0.0,负面
5030217731018438,26631,680,4026,江苏,"#这才是二次元cos的意义# 
看得心里暖暖的[泪] ​",43,2024-05-04,榜单,https://weibo.com/5030217731018438/OcG6h4gWq,"https://tvax4.sinaimg.cn/crop.0.0.1080.1080.180/005D2Uthly8hdh1o7e3thj30u00u0765.jpg?KID=imgbed,tva&Expires=1714914043&ssig=Iwsl4DNhUX",林有梗,https://weibo.com/u/5157634999,0.0,正面
5030314801892994,15948,222,179,陕西,我这么小众的尴尬也被发现了 ​,26,2024-05-04,榜单,https://weibo.com/5030314801892994/OcICQ7Wsa,"https://tvax2.sinaimg.cn/crop.0.0.828.828.180/006QKpwKly8hi3739w6ylj30n00n0taq.jpg?KID=imgbed,tva&Expires=1714914043&ssig=PUAFvU00wO",liu_iiiiiirich,https://weibo.com/u/6276227682,1.0,负面
5030593211402462,11895,669,1472,河南,#让孩子学这些就是为了装把大的# ​,30,2024-05-05,榜单,https://weibo.com/5030593211402462/OcPRT5SQm,"https://tvax3.sinaimg.cn/crop.0.0.1080.1080.180/003sbkmVly8hlxsnuzor5j60u00u0q8s02.jpg?KID=imgbed,tva&Expires=1714914043&ssig=02MOgu7%2FrI",大脑切片,https://weibo.com/u/3164835813,0.0,正面
5030371197977488,8599,1004,442,北京,"真诚祝愿今天的青年人比我们年轻时更幸运些。祝愿他们能少走点弯路，有更多主宰自己命运的空间，能在更高的博弈层面展开他们的奋斗。
今天的社会综合底盘高了，但人生的环境节奏紧绷，紧迫感跟着水涨船高。而且，外部环境恶劣了。这届年轻人必须更加心理强大，坚韧不拔。

视野太宽了，有时未必不是考 ​",609,2024-05-04,榜单,https://weibo.com/5030371197977488/OcK5Nxtja,"https://tva3.sinaimg.cn/crop.0.0.180.180.180/7697cf01jw1e8qgp5bmzyj2050050aa8.jpg?KID=imgbed,tva&Expires=1714914043&ssig=KKVJVlXQe5",胡锡进,https://weibo.com/u/1989660417,0.0,正面
5030721699449840,4023,1024,1025,北京,"Day·5💚夏日的薄荷感穿搭#今天穿什么[超话]# 
五一小长假的尾巴，北京树荫开始变得沉甸甸，山野愈发丰满，花朵处处开放，蘸一抹绿色给心情，一起拥抱温柔清新的好时光。
今日OOTD，抹茶薄荷绿的镂空罩衫与白色短裤清新碰撞，不饱和的春日色系，很有干净清爽的气息。

里面把小吊带穿起来，这种若隐若 ​",368,2024-05-05,榜单,https://weibo.com/5030721699449840/OcTd7DEkM,"https://tvax1.sinaimg.cn/crop.0.0.1080.1080.180/5d0f53e7ly8haw923lclwj20u00u0tbd.jpg?KID=imgbed,tva&Expires=1714914043&ssig=2E0jBRF83m",小树·Mia,https://weibo.com/u/1561285607,0.0,正面
5030232772051199,58844,5034,6497,湖北,"武汉 又是一场雨中见 期待下次晴天见[太阳]❤️
#FullHouse满堂##FullHouse满堂武汉#  ​",80,2024-05-04,榜单,https://weibo.com/5030232772051199/OcGux8BBR,"https://tvax3.sinaimg.cn/crop.0.0.1080.1080.180/74838c4ely8gw389bo5ryj20u00u0tc9.jpg?KID=imgbed,tva&Expires=1714914043&ssig=XknatNGuL8",Vinida万妮达,https://weibo.com/u/1954778190,0.0,正面
5030700879712383,55756,4913,20894,北京,夏天到了🦙🐰🦆🌿#一张照片欢迎夏天# ​,42,2024-05-05,榜单,https://weibo.com/5030700879712383/OcSFxEKDl,"https://tvax2.sinaimg.cn/crop.0.0.1080.1080.180/006lpPzYly8h1axofmtabj30u00u0wig.jpg?KID=imgbed,tva&Expires=1714914043&ssig=Kwq2v%2FZTtl",孟美岐,https://weibo.com/u/5813256522,0.0,负面
5030429734212156,17326,1709,38,上海,Rui了，修图修累了…… ​,21,2024-05-04,榜单,https://weibo.com/5030429734212156/OcLCdhFM0,"https://tvax1.sinaimg.cn/crop.0.0.1080.1080.180/7402e2bfly8gsf6372keaj20u00u0wio.jpg?KID=imgbed,tva&Expires=1714914043&ssig=QoocBRms22",猫与他和我,https://weibo.com/u/1946346175,0.0,负面
5029992323090302,33099,331,1165,安徽,文物隔着千年和我们打了一声招呼，这种穿越时间线的磅礴真让人感动[苦涩] ​,68,2024-05-03,榜单,https://weibo.com/5029992323090302/OcAeIcXVA,"https://tvax3.sinaimg.cn/crop.0.0.1080.1080.180/001ks3BOly8h8ug2u3zumj60u00u0wf602.jpg?KID=imgbed,tva&Expires=1714914043&ssig=GDUTiJfzMt",芒果妈妈,https://weibo.com/u/1218346612,0.0,正面
5030604313466050,9278,95,406,上海,之前说过，社会如果不能正确的量刑犯罪者，就会成为模仿者出生的狂欢。 ​,66,2024-05-05,榜单,https://weibo.com/5030604313466050/OcQ9NexG2,"https://tvax3.sinaimg.cn/crop.0.0.1080.1080.180/6e6194d5ly8hf944kigclj20u00u0adm.jpg?KID=imgbed,tva&Expires=1714914043&ssig=I2iEvuyykG",陈折折,https://weibo.com/u/1851888853,0.0,负面
5029945598807430,21851,604,1539,江苏,黄鼠狼：嘴这么碎呢烦死了 http://t.cn/A6HPV7Kj ​,45,2024-05-03,榜单,https://weibo.com/5029945598807430/Ocz1lAXdk,"https://tvax2.sinaimg.cn/crop.0.0.996.996.180/001N2upDly8hbjg1uzfijj60ro0ro0uf02.jpg?KID=imgbed,tva&Expires=1714914043&ssig=szwmd4f%2FvA",喜脉洗脉,https://weibo.com/u/1640766861,0.0,负面
5030247831961620,14034,771,1209,无,【#90后自媒体创业2天入账74万#】 2天入账74万+，3个月粉丝破百万，短视频全网浏览量累积超10亿次！这是一个由90后创业团队运营的自媒体账号在互联网平台上的辉煌战绩。2017年，来自安康汉阴同一所高中的马培源、王淦、钟洋一起从西安建筑科技大学绘画专业毕业后，他们立即奔向了山野，以“野居青年” ​,542,2024-05-04,榜单,https://weibo.com/5030247831961620/OcGSP8ej2,"https://tvax1.sinaimg.cn/crop.0.0.512.512.180/c0855202ly8haox29q27gj20e80e8weu.jpg?KID=imgbed,tva&Expires=1714914043&ssig=RGr4rfiY2b",陕视新闻,https://weibo.com/u/3229962754,0.0,正面
5029919682466493,20980,638,2275,河南,#当旅行前让全家人签保证书# ​,26,2024-05-03,榜单,https://weibo.com/5029919682466493/OcylyalE9,"https://tvax3.sinaimg.cn/crop.0.0.1080.1080.180/003sbkmVly8hlxsnuzor5j60u00u0q8s02.jpg?KID=imgbed,tva&Expires=1714914043&ssig=02MOgu7%2FrI",大脑切片,https://weibo.com/u/3164835813,0.0,负面
5030648071061973,42958,6205,3089,浙江,uu们中午好！一条假期赶工plog[吹风车][吹风车] ​,44,2024-05-05,榜单,https://weibo.com/5030648071061973/OcRin4sgB,"https://tvax2.sinaimg.cn/crop.0.0.1080.1080.180/007oxkLUly8hldg5k0lgbj30u00u0ta9.jpg?KID=imgbed,tva&Expires=1714914043&ssig=yhWDJJrBBA",今天白鹿加鸡腿了吗,https://weibo.com/u/6775506562,0.0,负面
5030674126078274,57,59,51,广东,宝马5系十来年设计的变化，最巅峰当属14款，不管是外观内饰，底盘，10款属于经典，其他21凑合，18款就当没存在吧，太丑。 ​,113,2024-05-05,车展,https://weibo.com/5030674126078274/OcRYopveG,"https://tvax2.sinaimg.cn/crop.0.0.1080.1080.180/7acad235ly8hozh5te0uij20u00u0dl5.jpg?KID=imgbed,tva&Expires=1714914046&ssig=DY%2BM4q4zdP",蜗牛同学LX,https://weibo.com/u/2060112437,1.0,正面
5028169302149124,30,24,1,广西,"这算是当着面忽悠投资人吗？哪吒CEO张勇对周鸿祎说哪吒S一个月卖接近5000台，但是看销量榜近半年月销量都没超过3000台，进入四月份每周更是只有两位数，呃……[疑问][疑问][疑问]（莫非哪吒S一个月海外销量有接近3000？）
#哪吒汽车##汽车资讯##2024北京车展# ​",240,2024-04-28,车展,https://weibo.com/5028169302149124/ObOOm915i,"https://tvax4.sinaimg.cn/crop.0.0.1023.1023.180/006ybaosly8hmyirtcjm7j30sg0sfwib.jpg?KID=imgbed,tva&Expires=1714914046&ssig=QsOdKreGvk",Gemini-迷你,https://weibo.com/u/6001853980,1.0,负面
5028185487967804,1287,411,28,云南,"看到一条网友评论：问界M7打不开门的车主。失去了三个家人，还有人在声讨。只能说那些人眼里的“赢”比人命重要…

唉，我就想问一句：为什么车门打不开？
中午我转发一篇华为问界相关的新闻都能一堆人来骂！#问界将为家属提供一切可能的支持# #问界M7起火事故隐藏式门把手疑似未弹出# ​",264,2024-04-28,车展,https://weibo.com/5028185487967804/ObPesxqMY,"https://tvax3.sinaimg.cn/crop.0.0.1080.1080.180/66decaably8h68uzic4jvj20u00u0abk.jpg?KID=imgbed,tva&Expires=1714914046&ssig=ggyyPuNaw0",深圳张逸轩,https://weibo.com/u/1725876907,1.0,负面
5027144465651201,4178,1119,560,辽宁,"时隔4年的北京车展来了，我觉得这次车展两个展台最吸引我的就两个点，一个是小米SU7首次登陆车展，另外一个就是目前炙手可热的新能源之王比亚迪。比这两个点更爆炸的是雷军现身比亚迪展台，两个车圈最热的热点在一起，应该是本次北京车展的高光时刻。

在比亚迪站台上，王传福雷军同框，两个世界五百强 ​",508,2024-04-25,车展,https://weibo.com/5027144465651201/Obo9onI8p,"https://tvax1.sinaimg.cn/crop.0.0.1080.1080.180/6d2ee297ly8hetjgexmeij20u00u0tch.jpg?KID=imgbed,tva&Expires=1714914046&ssig=6R4SK4cB9U",Ai科技阿宇,https://weibo.com/u/1831789207,0.0,正面
5030636882234981,50,28,8,安徽,1000公里高速路，开100和120用时会差很多吗？ http://t.cn/A6H7uFoY ​,63,2024-05-05,车展,https://weibo.com/5030636882234981/OcR0k9nq5,"https://tvax3.sinaimg.cn/crop.0.0.1078.1078.180/00763XoIly8hizfvnzk8sj30ty0tyjvb.jpg?KID=imgbed,tva&Expires=1714914046&ssig=zSahTvnnpp",上海滩蚂蚁哥,https://weibo.com/u/6502531152,0.0,负面
5028239850608873,1583,90,71,山东,今晚央视新闻联播报道，总理亲临北京车展，看了几家车企展台，还亲自登上赛力斯问界M9，与公司张兴海董事长亲切交谈。 ​,110,2024-04-28,车展,https://weibo.com/5028239850608873/ObQE92yox,"https://tvax4.sinaimg.cn/crop.0.0.1080.1080.180/0068WEkvly8h29dz4k08tj30u00u0wga.jpg?KID=imgbed,tva&Expires=1714914046&ssig=VxnrqEgiOh",zangyn,https://weibo.com/u/5628985735,1.0,正面
5029347654896105,27,16,1,上海,"小米证明了，自己的车对整个生态有品牌拉动作用。

也证明自己的第二款和第三款，也能引发中国消费者持续的关注

#芝能日报##新能源大牛说##微博新知# ​",140,2024-05-01,车展,https://weibo.com/5029347654896105/OcjsVkxHr,"https://tvax2.sinaimg.cn/crop.0.0.1080.1080.180/007wI8sNly8her8jjw821j30u00u077r.jpg?KID=imgbed,tva&Expires=1714914046&ssig=uQWSMC%2FbuY",朱玉龙-YL,https://weibo.com/u/6896291545,0.0,正面
5030319519957247,11,8,4,澳大利亚,"没想到俄罗斯汽车市场那么大。中国要扛住美国的压力。

#烽火问鼎计划# ​",66,2024-05-04,车展,https://weibo.com/5030319519957247/OcIKrFMkL,"https://tvax4.sinaimg.cn/crop.0.0.450.450.180/774cf065ly1fxfz76qusxj20ci0ci0tr.jpg?KID=imgbed,tva&Expires=1714914046&ssig=Yp3FJVqZYd",空军世界,https://weibo.com/u/2001530981,0.0,负面
5028115875631246,1451,333,12,广东,"到目前为止，小米没有一个员工对这次问界M7起火事故发过微博。
你们呢 ？ ​",68,2024-04-28,车展,https://weibo.com/5028115875631246/ObNqbnCWy,"https://tvax1.sinaimg.cn/crop.0.0.600.600.180/006hZidcly8hh7fq2z6rmj30go0goab2.jpg?KID=imgbed,tva&Expires=1714914046&ssig=Te6K5b135A",麦特陈,https://weibo.com/u/5762602722,1.0,负面
5029992411436572,110,18,40,江苏,"#奇瑞集团4月销量超18.2万辆#

今年1月份的时候，比亚迪销量：201493 ，奇瑞 销量：200992 ，奇瑞与比亚迪是销量接近的。

4月奇瑞销18万+，比亚迪销30万+，不是奇瑞弱了，而是比亚迪的荣耀策略起作用了。

得服，这个策略不是简单的官降，而是系列车型发布+有节奏的信息释放，价格降了，流量拿了，阻 ​",450,2024-05-03,车展,https://weibo.com/5029992411436572/OcAeR61Iw,"https://tvax2.sinaimg.cn/crop.0.0.1080.1080.180/006rQHi5ly8hjznynexgaj30u00u0jza.jpg?KID=imgbed,tva&Expires=1714914046&ssig=2p%2FSvPMXWW",吕俭LJ,https://weibo.com/u/5908317533,0.0,正面
5027499999763562,18,1,0,福建,一季度中国增程乘用车销量TOP10：问界M7遥遥领先 ​,45,2024-04-26,车展,https://weibo.com/5027499999763562/ObxoPEXWO,"https://tvax1.sinaimg.cn/crop.0.0.681.681.180/007dvYvDly8hjb1aer7gzj30ix0ixt96.jpg?KID=imgbed,tva&Expires=1714914046&ssig=tQ5F9zahmy",执著的老宋,https://weibo.com/u/6612642961,1.0,正面
5029330669535864,31,13,3,北京,比亚迪今年第一季度在德国的销售额，平均每月低于两百辆。 三月份仅160辆。 ​,70,2024-05-01,车展,https://weibo.com/5029330669535864/Ocj1wE0Ig,"https://tvax1.sinaimg.cn/crop.0.7.1125.1125.180/76b79889gy8fh4893lx8cj20v90vogrq.jpg?KID=imgbed,tva&Expires=1714914046&ssig=rG8R%2BgODsq",新华二代在德国_周磊,https://weibo.com/u/1991743625,1.0,负面
5029473050689549,119,31,5,广东,好消息是m9销量持续攀升，坏信息是m7销量持续下滑，m5销量成迷，这均价55W以上的M9销量居然比M7还高，你受得了吗？ ​,107,2024-05-02,车展,https://weibo.com/5029473050689549/OcmJb2TnL,"https://tvax1.sinaimg.cn/crop.0.0.120.120.180/b0a79ab3ly8gbkcpfdrgug203c03cjsu.gif?KID=imgbed,tva&Expires=1714914046&ssig=BS8meXIvOz",数码科技大爆炸VVV,https://weibo.com/u/2963774131,1.0,负面
5028584263516392,45,18,3,四川,马斯克办事儿效率挺高啊，FSD开始测试了，特斯拉车辆也没有限制了，这是过来一趟都谈妥了？ ​,85,2024-04-29,车展,https://weibo.com/5028584263516392/ObZBEeKM0,"https://tvax4.sinaimg.cn/crop.0.0.800.800.180/006t4tIxly8hluaq1lrzhj30m80m83z8.jpg?KID=imgbed,tva&Expires=1714914046&ssig=eEPRROf2nL",程序员阿水,https://weibo.com/u/5926378285,0.0,正面
5030654867672232,61,23,13,上海,山东公安也选择了用问界 M7 作为警车[good] ​,40,2024-05-05,车展,https://weibo.com/5030654867672232/OcRtkwbTG,"https://tvax3.sinaimg.cn/crop.0.0.1080.1080.180/9846815ely8hekbaaegbnj20u00u040i.jpg?KID=imgbed,tva&Expires=1714914046&ssig=XaKdv68s8R",熊本科技,https://weibo.com/u/2554757470,0.0,负面
5027191488515699,36,7,1,天津,"中午参加了领克07 EM-P的群访@领克穆军 @吉利林杰 ，顺便也蹭了一顿饭[嘻嘻] 饭不能白吃，将交流问答的细节记录一下：

- 问：18-21万的预售价，价格一步到位了吗？

- 答：领克08 EM-P也一年时间了，价格维持得很好，不会让第一批购买的客户吃亏。领克07 EM-P现在这个价格，也是到位了。现在需要深入 ​",1646,2024-04-25,车展,https://weibo.com/5027191488515699/ObpnezJjZ,"https://tvax3.sinaimg.cn/crop.0.0.600.600.180/54b30af7ly8he7b7suytej20go0godh9.jpg?KID=imgbed,tva&Expires=1714914046&ssig=mD8MV6tKWL",张抗抗KK,https://weibo.com/u/1421019895,1.0,正面
5028152071426000,44,28,10,上海,"#马斯克私人飞机14点抵达北京#

我这边正在拍新Model 3高性能版呢，和特斯拉的朋友聊着说马斯克要来，马斯克就落地北京了。

据说行程安排中也有上海的超级工厂。

能不能给个机会合个照啊… ​",177,2024-04-28,车展,https://weibo.com/5028152071426000/ObOmz5YY0,"https://tvax2.sinaimg.cn/crop.0.0.1080.1080.180/a56c84afly8hmzvw2wgz8j20u00u00us.jpg?KID=imgbed,tva&Expires=1714914046&ssig=ww68JL%2FMgA",波波玩个车,https://weibo.com/u/2775352495,0.0,正面
5028470633270351,89,43,5,北京,"我去试乘理想mega，我问销售这车为什么卖这么贵，销售说就是为了划分开50万以下的用户群体，体现出有钱人的身份[吐]
我感觉他说的这番话是把有钱人当傻子了[老师好] ​",153,2024-04-29,车展,https://weibo.com/5028470633270351/ObWEndILB,"https://tvax4.sinaimg.cn/crop.0.0.1080.1080.180/a1d521f9ly8g3ymq3c445j20u00u0ag7.jpg?KID=imgbed,tva&Expires=1714914046&ssig=QV8%2BrF2pVF",CarShooter,https://weibo.com/u/2715099641,0.0,负面
5027161230023206,188,7,153,安徽,92号和95号汽油到底有什么区别，加错油有啥影响？ http://t.cn/A6T1LHW1 ​,67,2024-04-25,车展,https://weibo.com/5027161230023206/OboAr062i,"https://tvax3.sinaimg.cn/crop.455.77.284.284.180/84447f82ly8g7g3nlq6ksj20m80j4jwq.jpg?KID=imgbed,tva&Expires=1714914048&ssig=vYZDL7dkCd",史小煮,https://weibo.com/u/2219081602,0.0,负面
5030630712937634,63,44,2,广西,"理想：超越问界[鼓掌]
问界：鸿蒙智行[挤眼]
问界销量比理想差了701台，但如果把智界的4546台也加进来，那不就超越理想了吗

但是鸿蒙智行算新势力吗？它好像都不算车企吧，官方叫它鸿蒙智能汽车技术生态联盟[思考]
#理想汽车##汽车资讯##我与汽车的日常# ​",236,2024-05-05,车展,https://weibo.com/5030630712937634/OcQQnckdc,"https://tvax4.sinaimg.cn/crop.0.0.1023.1023.180/006ybaosly8hmyirtcjm7j30sg0sfwib.jpg?KID=imgbed,tva&Expires=1714914048&ssig=%2FR5uoelUG5",Gemini-迷你,https://weibo.com/u/6001853980,1.0,正面
5029847401760729,36,6,11,美国,车企市值排名（截至2024年4月） 特斯拉、丰田、奔驰、比亚迪、保时捷  ​,84,2024-05-03,车展,https://weibo.com/5029847401760729/OcwsY7o2R,"https://tvax1.sinaimg.cn/crop.0.0.512.512.180/74602e60ly8gc1qty7c7pj20e80e8t9q.jpg?KID=imgbed,tva&Expires=1714914048&ssig=LqWseoE62v",牛津-小裁缝,https://weibo.com/u/1952460384,1.0,正面
5028845385943493,365,76,13,江苏,21世纪经济报道撤稿函是什么意思?就是说21世纪经济报道发了一篇关于反思问界M7事故相关的文章，然后其他媒体转载了，要求其他媒体撤稿的意思?[笑cry][笑cry]讲真，这篇文章没看过，也没啥兴趣，现在突然想看了，谁有截图？[笑cry][笑cry] ​,220,2024-04-30,车展,https://weibo.com/5028845385943493/Oc6oOoWaN,"https://tvax3.sinaimg.cn/crop.0.0.1080.1080.180/783df997ly8gdi7fuwsv6j20u00u0q6n.jpg?KID=imgbed,tva&Expires=1714914048&ssig=xObl5lYg6J",石头搞机,https://weibo.com/u/2017327511,1.0,负面
5028189397325182,76,24,5,浙江,"雷军直播买了辆理想L6 MAX 
外观绿色，内饰白色
很高兴和雷总一样成为理想的车主
那么问题来了！怎么才能和雷军在一个车友群呢？#李想送雷军理想l6# ​",138,2024-04-28,车展,https://weibo.com/5028189397325182/ObPkLuJC6,"https://tvax4.sinaimg.cn/crop.0.0.1080.1080.180/0080aJPZly8h7k815nfi4j30u00u00ud.jpg?KID=imgbed,tva&Expires=1714914048&ssig=Gyc8sRtp4D",小怡说车,https://weibo.com/u/7331622139,0.0,正面
5027522921898067,57,11,7,上海,"今年北京车展最具含金量的新车，100%是仰望U7。这款车在定位是对标奔驶S级、保时捷Panamera的百万级旗舰轿车，今年下半年就会上市。

它的意义和仰望U8一样，都是代表着中国汽车向上的历史性突破。另一方面，仰望是以高端技术树立高端品牌的，而仰望U7首搭革命性技术云辇-Z，再次证明了这一点。

作为 ​",1472,2024-04-26,车展,https://weibo.com/5027522921898067/ObxZO7XLZ,"https://tvax4.sinaimg.cn/crop.0.0.1080.1080.180/9f291ab9ly8gzvpi3qcpdj20u00u0whc.jpg?KID=imgbed,tva&Expires=1714914048&ssig=uk1AvTisN6",飞要说车,https://weibo.com/u/2670271161,0.0,正面
5030364315651884,62,66,15,北京,"华为，鸿蒙智行3天大定6600
理想L6 半个月3万台
华为和理想为什那么卖的这么好？[酷] ​",79,2024-05-04,车展,https://weibo.com/5030364315651884/OcJUHnIjq,"https://tvax3.sinaimg.cn/crop.0.0.800.800.180/5dfeb8f8ly1grdcfad7xoj20m80m8doa.jpg?KID=imgbed,tva&Expires=1714914048&ssig=7FB1chFNJi",科技密码,https://weibo.com/u/1576974584,1.0,正面
5029895535329484,3570,354,442,江苏,"我发现很多人对国产车还是没有真正的了解，还在满嘴“冰箱、彩电、大沙发”的调侃。

能够谈几句“智能化”、“三电”的已经是不带偏见的了。

但实际上，很多人还是没能看到国产汽车崛起的本质原因，你以为比亚迪一个月卖出30多万辆，一家打爆丰田、本田、大众靠的是什么？你以为奇瑞、吉利占领俄罗斯 ​",1967,2024-05-03,车展,https://weibo.com/5029895535329484/OcxIBmmrq,"https://tva1.sinaimg.cn/crop.1.0.290.290.180/5d457ba5gw1eermfmbnwej209q088q3r.jpg?KID=imgbed,tva&Expires=1714914048&ssig=YXLiYh%2BcNt",平原公子赵胜,https://weibo.com/u/1564834725,1.0,正面
5028175678013532,2929,469,23,福建,"#马斯克 北京# 马斯克真的来北京了，看来昨天聊的话题确实没错。

现在特斯拉能打的牌真的太少了。这轮官降单周新增订单还是卡在1.2万单，已经证明那个特斯拉只要一降价，动不动几万台的势头已经没了。而model S国产短期内又不可能，所以短期能提升品牌信心和产品力的只有FSD。

现在的重点是FSD是否会 ​",374,2024-04-28,车展,https://weibo.com/5028175678013532/ObOYDxCGw,"https://tvax2.sinaimg.cn/crop.0.0.1080.1080.180/7f437bb3ly8hgf9qaxrlwj20u00u0q4f.jpg?KID=imgbed,tva&Expires=1714914048&ssig=3%2F2Z1RTbCn",孙少军09,https://weibo.com/u/2135129011,1.0,负面
5028074636707894,1260,426,68,湖北,"#问界m7起火# 刚刚很多人骂我替问界说话，第一我没收钱，我是提出一种可能性。第二，人家问界发布会都不请我，你们觉得人家会给我钱吗？
大几百人骂我，说明大家非常在乎汽车的安全性，那我就说几句实话
①对于所有汽车厂商和消费者，安全必须是第一位的，然后才是智能化
②发布会不要吹牛，媒体宣传也 ​",645,2024-04-28,车展,https://weibo.com/5028074636707894/ObMlFs91Q,"https://tva2.sinaimg.cn/crop.0.0.1080.1080.180/6cb26641jw8eniapkb0qhj20u00u00u7.jpg?KID=imgbed,tva&Expires=1714914048&ssig=IHCbf577aT",C科技,https://weibo.com/u/1823630913,1.0,负面
5028195445509892,101,11,1,广东,"我绝对不是在索要什么啊，真的
只是我提完L6之后，小象玩偶好像丢了[doge][doge]
@李想 @硬哥 @雷军 ​",93,2024-04-28,车展,https://weibo.com/5028195445509892/ObPuwn7ne,"https://tvax2.sinaimg.cn/crop.0.0.600.600.180/007if4LNly8heivhpbfjmj30go0gojsn.jpg?KID=imgbed,tva&Expires=1714914048&ssig=jfLrW3%2FLIP",UX_有思,https://weibo.com/u/6682497131,0.0,正面
5029601021527424,109,5,0,广东,"一季度国产品牌汽车出口销量:

1、比亚迪      出口  9.79万辆
2、奇瑞         出口  25.3万辆
3、长安         出口  14.5万辆
4、长城         出口   9.2万辆
5、上汽         出口   17.4万辆
6、东风         出口    5.2万辆
7、一汽         出口    2.68万辆
8、江淮         出口    5.76万 ​",416,2024-05-02,车展,https://weibo.com/5029601021527424/Ocq3A6plS,"https://tvax3.sinaimg.cn/crop.0.0.1076.1076.180/df025570ly8hpa5wj9fntj20tw0tw0ur.jpg?KID=imgbed,tva&Expires=1714914048&ssig=%2FWzDudiTsN",天赋奇迹,https://weibo.com/u/3741472112,1.0,正面
5028291117581341,1464,165,139,浙江,国家都规定撞击后车门要能打开，打不开就证明是产品不合格。 ​,56,2024-04-29,车展,https://weibo.com/5028291117581341/ObRYPvOfH,"https://tvax2.sinaimg.cn/crop.0.0.1080.1080.180/75d75765ly8g7c6mt79yoj20u00u0q7b.jpg?KID=imgbed,tva&Expires=1714914048&ssig=WmJabLsLjX",黑夜之睛滚雪球,https://weibo.com/u/1977046885,1.0,负面
5030076690727672,17,6,0,河南,"打了两个迈腾，全是接近40万公里[傻眼]

跟司机聊了会儿，双离合变速箱修过两次，发动机倒是很稳定[允悲] ​",98,2024-05-03,车展,https://weibo.com/5030076690727672/OcCqN33iE,"https://tvax4.sinaimg.cn/crop.0.0.916.916.180/00642AxXly8hgx7xvj0maj30pg0pggm8.jpg?KID=imgbed,tva&Expires=1714914048&ssig=VunckXpKnp",Turbo__Car,https://weibo.com/u/5556519481,0.0,正面
5030286442103556,271,1,1,广东,"蔚来李斌拜访英伟达，AI自动驾驶是重点议题

特斯拉宣称当前已实现，中国车企可能会快速跟进。

股票市场上，自动驾驶板块将反应的更加迅速，蔚来已在5月2日实现20%涨幅 ​",157,2024-05-04,车展,https://weibo.com/5030286442103556/OcHT68Pek,"https://tvax2.sinaimg.cn/crop.55.0.145.145.180/0069VHa2gy1ftjko24e9tj306r060dgd.jpg?KID=imgbed,tva&Expires=1714914048&ssig=bA0ZTH1x%2F6",逍遥渔夫v,https://weibo.com/u/5643534626,1.0,正面
5030383031159057,15,16,2,重庆,马自达CX-30电动，为了放电池，这车身加高得也太诡异了，好不协调啊。[裂开] （我想起了双龙[二哈] ​,92,2024-05-04,车展,https://weibo.com/5030383031159057/OcKoT4Rwt,"https://tva2.sinaimg.cn/crop.0.0.180.180.180/53b74dd4jw1e8qgp5bmzyj2050050aa8.jpg?KID=imgbed,tva&Expires=1714914048&ssig=0ppfY%2BmfxF",徐林,https://weibo.com/u/1404521940,0.0,负面
5030707028295807,45,12,38,无,贾跃亭介绍FF91车露馅了？不明突起物惹眼，网友：纯手工打造。[允悲] ​,64,2024-05-05,车展,https://weibo.com/5030707028295807/OcSPsyO7l,"https://tvax1.sinaimg.cn/crop.0.0.512.512.180/0028q7fwly8gopcu0v4nsj60e80e80t202.jpg?KID=imgbed,tva&Expires=1714914048&ssig=EPECXekTIc",电商报,https://weibo.com/u/1956700750,0.0,正面
5030614430909315,18,27,1,天津,"酒店楼下停着一台“c63 暗夜特别版”，
黑黄涂装贼帅~

我们年轻那会，
对这车是要流口水的，
能摸两下都兴奋的要命，
4.0v8，双涡轮，
476马力，破百只要4.1秒，
这一代c63虽然外观不如上一代那么硬朗，
但内饰超级带感，
又豪华又帅气。

如果能拥有这么一台车，
是无数男孩子的梦想。

但这台不是真 ​",357,2024-05-05,车展,https://weibo.com/5030614430909315/OcQq73Oyn,"https://tvax4.sinaimg.cn/crop.0.0.1080.1080.180/8280e653ly8gdirh7tu7xj20u00u0af8.jpg?KID=imgbed,tva&Expires=1714914048&ssig=Qom1SwktZh",王诗奇Mr兔,https://weibo.com/u/2189485651,0.0,正面
5030394210815294,164,43,13,河北,"浪姐五公竟然还有复活！
下图是一公到五公的淘汰名单。
五公淘汰了柳岩和朱丹。
这两个人到不令人意外，
柳岩要不是靠着陈丽君的人气，
估计她也走不到这里。
朱丹本身就是主持人，
能来到这也就不错了。
不过，我是真想不明白，
既然有复活，
干嘛要复活李溪芮，
她有什么可看的，
唱歌跳舞都不太行。 ​",340,2024-05-04,明星,https://weibo.com/5030394210815294/OcKGV3q5U,"https://tvax1.sinaimg.cn/crop.0.0.512.512.180/006EqtMXly8hbwzli2s0gj30e80e874j.jpg?KID=imgbed,tva&Expires=1714914051&ssig=EIWIM9WKVg",冲浪小鱼儿-,https://weibo.com/u/6094161471,1.0,正面
5029554169841294,487,125,3,安徽,华晨宇三场演唱会 60 万粉丝，平均每场 20 万，封神了。华语乐坛姓什么？ ​,68,2024-05-02,明星,https://weibo.com/5029554169841294/OcoQ0Fiay,"https://tvax2.sinaimg.cn/crop.0.0.1080.1080.180/86382e65ly8gdiol8fof2j20u00u0417.jpg?KID=imgbed,tva&Expires=1714914051&ssig=ucviPJKH7U",综艺小黑,https://weibo.com/u/2251828837,0.0,正面
5030642114890657,106,40,1,北京,昨天小姐徐熙娣团建，以及我看上了小s二女儿的手机壳[喵喵] ​,55,2024-05-05,明星,https://weibo.com/5030642114890657/OcR8Lkwhz,"https://tvax3.sinaimg.cn/crop.0.0.750.750.180/0076ggfRly8fqf2zdljwwj30ku0kugmi.jpg?KID=imgbed,tva&Expires=1714914051&ssig=zm3AaO5FzN",霹雳时光机,https://weibo.com/u/6505463575,1.0,正面
5030045888807303,4265,188,22,北京,"《陆贞传奇》力破圆脸女星演不了女主
《花千骨》大爆进入大众视野
《楚乔传》再次大爆，首个达成500亿播放量演员
《知否知否应是绿肥红瘦》成为长尾效应最牛的剧之一
《第二十条》郝秀萍好评如潮
《与凤行》多项破纪录获历史第一
赵姐这一路走的太不容易了，作为最晚大爆的85花女演员，爆剧当之无愧无 ​",379,2024-05-03,明星,https://weibo.com/5030045888807303/OcBD6AXbh,"https://tvax1.sinaimg.cn/crop.0.0.259.259.180/008ssrg3ly8hoc6vb8cmxj3077077jrg.jpg?KID=imgbed,tva&Expires=1714914051&ssig=NXYmbsCmMl",唐长老的田地,https://weibo.com/u/7749578031,0.0,正面
5030666326249311,11854,589,72,中国香港,去尹子维亲哥哥家拜访…#尹子维徐冬冬和她的日记# http://t.cn/A6H7DUkW ​,67,2024-05-05,明星,https://weibo.com/5030666326249311/OcRLOqdJl,"https://tvax3.sinaimg.cn/crop.0.0.512.512.180/001mnEEply8hegcofs7d7j60e80e8t9502.jpg?KID=imgbed,tva&Expires=1714914051&ssig=Od8FBstq14",徐冬冬,https://weibo.com/u/1246850033,0.0,正面
5030286758778080,1351,25,124,陕西,"看浪姐 我发现戚薇内心很强大

节目组问三个票数高的女生，谁觉得自己是第一名，请往前站一步

三个人中只有戚薇站了出来

虽然她最后是第二名，但是她那种劲劲儿的姿态给人印象很深

她说：如果我都不相信自己，凭什么让别人也相信你

另一方面戚薇两次当队长，小考时她的团队里都出现失误

第一次是 ​",576,2024-05-04,明星,https://weibo.com/5030286758778080/OcHTBAPzW,"https://tvax3.sinaimg.cn/crop.7.0.498.498.180/ae847345ly8fmo87sdqg2j20e80dut96.jpg?KID=imgbed,tva&Expires=1714914051&ssig=zY2A9XuxVc",茶双双,https://weibo.com/u/2927915845,0.0,正面
5029577757297323,197,30,2,湖北,吴磊和胡歌傻傻分不清楚 ​,22,2024-05-02,明星,https://weibo.com/5029577757297323/Ocps3uCmL,"https://tvax2.sinaimg.cn/crop.0.0.1080.1080.180/5d9f7b84ly8gdi6ney29rj20u00u0tar.jpg?KID=imgbed,tva&Expires=1714914051&ssig=Cn%2BOFbck1b",潮流,https://weibo.com/u/1570732932,0.0,负面
5030073889199424,3075,1032,1235,韩国,向佐要不你退出吧，郭碧婷在浪姐又幸福了 ​,38,2024-05-03,明星,https://weibo.com/5030073889199424/OcCmgCBbO,"https://tvax4.sinaimg.cn/crop.0.0.828.828.180/007238IWly8giya06rrr2j30n00n075f.jpg?KID=imgbed,tva&Expires=1714914051&ssig=5VKNHfwYQO",资深观众芒果酱,https://weibo.com/u/6443231018,0.0,正面
5030394743231911,18644,3069,922,浙江,Happy birthday to me…！[酷][烟花][礼物][蛋糕][干杯][猪头]…#城中之城# ​,70,2024-05-04,明星,https://weibo.com/5030394743231911/OcKHMdyLB,"https://tvax2.sinaimg.cn/crop.0.0.1080.1080.180/5dc49fffly8fxst6ux492j20u00u00v7.jpg?KID=imgbed,tva&Expires=1714914051&ssig=yo3DogsXs1",于和伟,https://weibo.com/u/1573167103,0.0,正面
5029367736960091,442,46,1,山西,杨幂的哈尔滨彻底成为弥猴桃的弃子了吗？算扑了吗？[吃瓜] ​,54,2024-05-01,明星,https://weibo.com/5029367736960091/OcjZjtcDx,"https://tvax4.sinaimg.cn/crop.0.0.1080.1080.180/002X9dCKly8gs60apdppzj60u00u0wfs02.jpg?KID=imgbed,tva&Expires=1714914051&ssig=1tOAkzfQF7",爱追星的小助理,https://weibo.com/u/2706266814,0.0,负面
5030396419643083,6811,352,21,湖北,"#华晨宇唱15分钟把太阳唱出来# 

如果是晴天的话，他不唱，太阳也会出来
如果是阴雨天，他喊破喉咙，太阳也不会理他的
不要给自己加戏哈 ​",127,2024-05-04,明星,https://weibo.com/5030396419643083/OcKKtEsBB,"https://tvax3.sinaimg.cn/crop.0.0.640.640.180/003ykHsgly8hl1ulo8klrj60hs0hs74y02.jpg?KID=imgbed,tva&Expires=1714914051&ssig=e9si%2BGSrvV",麻辣表哥,https://weibo.com/u/3255727524,0.0,负面
5029900707430825,57170,31216,31600,北京,二公迎来新姐姐。。。热烈欢迎琳姐加入。。。[给你小心心][给你小心心][给你小心心]#乘风2024二公分组##乘风2024##戚薇乘风图鉴# ​,120,2024-05-03,明星,https://weibo.com/5029900707430825/OcxQWvb61,"https://tva2.sinaimg.cn/crop.0.0.512.512.180/4b340782jw8evsl6l7m5rj20e80e83yu.jpg?KID=imgbed,tva&Expires=1714914051&ssig=79%2BzfLosPH",戚薇,https://weibo.com/u/1261700994,0.0,正面
5030269965042225,685,72,3,宁夏,要替黄景瑜说句话，他靠自己，而且，都是别人靠他。 ​,48,2024-05-04,明星,https://weibo.com/5030269965042225/OcHswl9Id,"https://tvax2.sinaimg.cn/crop.0.0.946.946.180/008tAxGqly8h7j8sa6f2kj30qa0qa41g.jpg?KID=imgbed,tva&Expires=1714914051&ssig=iaNgzOCEAf",顶流皇后,https://weibo.com/u/7766285690,1.0,正面
5029333963900616,106567,14117,16133,福建,"见到了好久没有看到的大海🌊
吃到了好久没有吃到的海鲜🐠
#赵小童[超话]##童频日常##种地吧# ​",90,2024-05-01,明星,https://weibo.com/5029333963900616/Ocj6QgmJa,"https://tvax3.sinaimg.cn/crop.0.0.512.512.180/bb89aac6ly8ghvwbodwrqj20e80e874s.jpg?KID=imgbed,tva&Expires=1714914051&ssig=T2hnruGYrx",种地吧赵小童,https://weibo.com/u/3146361542,0.0,负面
5029531805813423,36021,1758,1602,美国,和美的人一起欣赏美🖼️  @孙嘉一Zoe  ​,56,2024-05-02,明星,https://weibo.com/5029531805813423/OcofWookT,"https://tva1.sinaimg.cn/crop.0.0.180.180.180/63e6fd01jw1e8qgp5bmzyj2050050aa8.jpg?KID=imgbed,tva&Expires=1714914051&ssig=JAVLWsrGe%2F",高圆圆,https://weibo.com/u/1676082433,0.0,正面
5030625582518078,583,44,26,中国台湾,最近被偶遇的阮经天！好帅好帅😍 ​,32,2024-05-05,明星,https://weibo.com/5030625582518078/OcQI6az4a,"https://tvax2.sinaimg.cn/crop.9.0.422.422.180/0065rX41ly8fu0xfa8xa5j30c80bqwf7.jpg?KID=imgbed,tva&Expires=1714914051&ssig=9Egl8J7avF",賣勾靠杯,https://weibo.com/u/5577340573,0.0,正面
5030087336920975,773,53,7,广东,"小S 怀念爸爸🥹 抱着的是许老三

这里点播一首《欠揍的你》🥹 

#小s怀念父亲# ​",77,2024-05-03,明星,https://weibo.com/5030087336920975/OcCHXt2sD,"https://tvax4.sinaimg.cn/crop.0.0.512.512.180/008gK5mKly8gt46s4iacjj30e80e8t9f.jpg?KID=imgbed,tva&Expires=1714914051&ssig=tv0NRt1CCz",康熙万事屋,https://weibo.com/u/7576467750,1.0,正面
5029590255011496,70269,28836,210163,北京,"解锁粘睫毛技能[耶]假期快乐🎉🎉
#晓晓世界##陪你过五一# ​",57,2024-05-02,明星,https://weibo.com/5029590255011496/OcpMdl1IA,"https://tvax4.sinaimg.cn/crop.0.0.996.996.180/001pdpVTly8gn8abc7rpcj60ro0roq4q02.jpg?KID=imgbed,tva&Expires=1714914051&ssig=ErG2wRlofQ",关晓彤,https://weibo.com/u/1288739185,0.0,正面
5030612696305153,165,54,14,河北,"演唱会结束后具俊晔皱眉给粉丝签名，一脸疲惫！网友不买账了！湾湾的一些媒体说演唱会到了900多少人！一共400人的场地到了900多人，那得是人挤人！可能吗？网友可没那么好骗！
不过演唱会结束后，具俊晔一脸疲惫，可能是太累了！就连给粉丝签名都是皱着眉头！
正在打电话的他是不是再跟大S诉说自己的不 ​",481,2024-05-05,明星,https://weibo.com/5030612696305153/OcQnjqsg1,"https://tvax1.sinaimg.cn/crop.0.0.512.512.180/006EqtMXly8hbwzli2s0gj30e80e874j.jpg?KID=imgbed,tva&Expires=1714914053&ssig=FbCz74YrSN",冲浪小鱼儿-,https://weibo.com/u/6094161471,1.0,负面
5030292263798460,2498,328,14,重庆,有网友说看到肖战粉丝把他从顶流吹到主流，但是感觉他好像没什么出圈的作品，唯一出圈的是227，感觉主流应该像胡歌、张颂文那样要么有出圈作品要么拿奖，业内人全认可称赞的演员，而不是既没作品又靠耽改吹一辈子的三无演员；大家觉得肖战有出圈的作品吗？😯 ​,241,2024-05-04,明星,https://weibo.com/5030292263798460/OcI2ufW9u,"https://tvax1.sinaimg.cn/crop.0.0.512.512.180/ec117a4ely8hoq3e5bnluj20e80e8mxe.jpg?KID=imgbed,tva&Expires=1714914053&ssig=AAZRaXu0xb",娱圈胖橘,https://weibo.com/u/3960568398,0.0,正面
5029293741049022,783,7,70,重庆,"如果你也听周杰伦
暖味期我们可以听《星晴》
发疯了可以一起听《牛仔很忙》
暖昧后没有走到一起
可以听《蒲公英的约定》
如果在一起了宫宣就用《甜甜的》
如果没在一起
选择了新的人可以听《傻笑》
热恋期我们听《园游会》
出去旅游就听《浪漫手机》
吵架了就听《爱情悬崖》
恋旧了就听《黑色毛衣》
婚 ​",539,2024-05-01,明星,https://weibo.com/5029293741049022/Oci3Y4oTI,"https://tvax2.sinaimg.cn/crop.0.0.800.800.180/007cZoFKly8h6guwytenvj30m80m8dh2.jpg?KID=imgbed,tva&Expires=1714914053&ssig=85T3ijnl4Z",宝藏碎片,https://weibo.com/u/6604878708,0.0,正面
5029495863772366,373,6,10,四川,突然觉得孙俪包容性好强。。。 ​,28,2024-05-02,明星,https://weibo.com/5029495863772366/OcnjYfPmC,"https://tvax1.sinaimg.cn/crop.0.5.922.922.180/007v5F0lly8grpwsai1g5j30qo0qo18x.jpg?KID=imgbed,tva&Expires=1714914053&ssig=dOf%2BfVO4QF",柒柒每日分享,https://weibo.com/u/6872345505,0.0,正面
5029997796920571,5499,231,4,浙江,杨紫这两年好像逆风翻盘了，沉香那会暑假档特别激烈，同期对打两部95花古偶，90流量花也没占到优势，还好多嘲的，长相思播了之后才算扬眉吐气，把里子面子赢了回来，对时尚造型这块开始上心，连短板的商务都补上了，20个代言女星里也数一数二，野心还蛮大的 ​,238,2024-05-03,明星,https://weibo.com/5029997796920571/OcAnxt2m7,"https://tvax1.sinaimg.cn/crop.0.0.996.996.180/0082hBIply8gfirv3besqj30ro0rowfm.jpg?KID=imgbed,tva&Expires=1714914053&ssig=deILq7IkjU",追剧的小辣椒,https://weibo.com/u/7362811885,1.0,正面
5029923148531471,1561,47,7,内蒙古,"杨幂这个角色真是复杂，一直是戏中戏，骗过了观众骗过了剧中的男主

若干年后这部剧会不会也是成为经典 ​",96,2024-05-03,明星,https://weibo.com/5029923148531471/Ocyr8zNqn,"https://tvax1.sinaimg.cn/crop.0.0.893.893.180/006TyrVUly8ham4f6ah07j30ot0otjsc.jpg?KID=imgbed,tva&Expires=1714914053&ssig=EFYoHUbCbY",内娱颜究所所长,https://weibo.com/u/6317706002,0.0,正面
5029713632037618,5737623,1000000,1000000,浙江,再见啦～ ​,8,2024-05-02,明星,https://weibo.com/5029713632037618/OcsZd8y4O,"https://tvax1.sinaimg.cn/crop.0.0.1080.1080.180/002frj8lly8hj4a1cc148j60u00u0gon02.jpg?KID=imgbed,tva&Expires=1714914053&ssig=K5eXfAbiog",成毅,https://weibo.com/u/2060419113,0.0,正面
5029549383879439,31370,12043,12282,新加坡,去年是🧙今年生日是🧚🏻，延续快乐的魔法🪄 ​,48,2024-05-02,明星,https://weibo.com/5029549383879439/OcoIighdB,"https://tvax1.sinaimg.cn/crop.0.0.1080.1080.180/001tqDw3ly8gu21k4ysmxj60u00u0gnn02.jpg?KID=imgbed,tva&Expires=1714914053&ssig=fJQDZZQxDI",我是娜扎,https://weibo.com/u/1350995007,0.0,正面
5030644965705922,4533,6069,4079,北京,"第四幕/对抗 #微暗之火#

家暴不是忍一忍就会过去，南雅的满身伤痕清楚地展现着家暴就是故意伤害。流言蜚语和家暴是不会摧毁南雅的，不放弃不妥协不原谅，勇敢离开施暴者，用法律武器保护自己，南雅从来都不是小白花[加油] http://t.cn/A6H7B2nV ​",227,2024-05-05,明星,https://weibo.com/5030644965705922/OcRdmnWn0,"https://tva2.sinaimg.cn/crop.0.0.640.640.180/47142d1fjw8eorvgztdw6j20hs0hsq3t.jpg?KID=imgbed,tva&Expires=1714914053&ssig=ihRt%2FBGqQk",童瑶,https://weibo.com/u/1192504607,0.0,正面
5030624958614764,2563,437,414,无,#宋雨琦请粉丝吃饭##宋雨琦送粉丝海底捞储值卡# 宋雨琦请粉丝吃海底捞，这是什么神仙偶像啊[爱慕]逆应援送给粉丝们海底捞储值卡，感谢这一路的支持和陪伴，用这种方式请粉丝们吃饭，真的好用心啊，果然是双向奔赴的爱啊，太暖了[抱一抱] ​,219,2024-05-05,明星,https://weibo.com/5030624958614764/OcQH5A95O,"https://tvax4.sinaimg.cn/crop.44.59.613.613.180/7077dc1dly8gdi6kcxpqnj20j60j63yt.jpg?KID=imgbed,tva&Expires=1714914053&ssig=shklU0ur22",芒果娱乐,https://weibo.com/u/1886903325,0.0,正面
5029611915971292,1519,107,2,湖北,王一博粉丝为什么在为了黄景瑜的一番拼命[笑cry][笑cry] ​,52,2024-05-02,明星,https://weibo.com/5029611915971292/Ocql9p3pa,"https://tvax4.sinaimg.cn/crop.0.0.1002.1002.180/006XE6Ozly8gyk9t9yil2j30ru0ru0wm.jpg?KID=imgbed,tva&Expires=1714914053&ssig=J%2FNnssxEpO",综艺崽崽酱,https://weibo.com/u/6378160135,1.0,正面
5030097265102045,89672,111035,150140,浙江,"演唱会确实是一个巨大的乌托邦☝️
最美的太阳
竟然把杭州的雨唱回去了？！
“万人雨刷器”真好使！
杭州大莲花，即将第三场，我可以，你可以吗？
#张杰未LIVE巡回演唱会# #张杰未LIVE开往1982巡回演唱会# #微博演出季#  ​",204,2024-05-04,明星,https://weibo.com/5030097265102045/OcCXYlph3,"https://tvax2.sinaimg.cn/crop.0.0.512.512.180/001lZJw4ly8hle1iyg9vzj60e80e8q3602.jpg?KID=imgbed,tva&Expires=1714914053&ssig=s7rOgBcvRS",张杰,https://weibo.com/u/1241148864,0.0,正面
5029331497916896,659,111,3,广东,卧槽！夏之光粉丝和王一博粉丝🫙居然有来有回了 ​,46,2024-05-01,明星,https://weibo.com/5029331497916896/Ocj2RxdxS,"https://tvax1.sinaimg.cn/crop.0.0.1022.1022.180/008C4RYNly8hob6vid8j4j30se0se75w.jpg?KID=imgbed,tva&Expires=1714914053&ssig=KD1ifMehon",虎爸周星,https://weibo.com/u/7891724237,0.0,正面
5029707357882986,164290,17609,29327,江苏,"#李昊[超话]#
厦门[心] ​",21,2024-05-02,明星,https://weibo.com/5029707357882986/OcsP5x4IW,"https://tvax2.sinaimg.cn/crop.0.0.512.512.180/69c9e913ly8hp4ps2am56j20e80e8gmi.jpg?KID=imgbed,tva&Expires=1714914053&ssig=w%2BDtzDYNVt",种地吧李昊,https://weibo.com/u/1774840083,0.0,负面
5029645238141214,35752,6781,4013,北京,和李老师第二次合作[doge]@李沐宸的微博 ​,37,2024-05-02,明星,https://weibo.com/5029645238141214/OcrcTy9TU,"https://tvax3.sinaimg.cn/crop.0.0.512.512.180/a9764551ly8gfcrtvid97j20e80e8t8w.jpg?KID=imgbed,tva&Expires=1714914053&ssig=Y228ivtKAG",叶盛佳Loi,https://weibo.com/u/2843100497,0.0,正面
5029907324993885,129,55,36,河北,第一次看到性缩力投票，都不冤[允悲][允悲][允悲] ​,46,2024-05-03,明星,https://weibo.com/5029907324993885/Ocy1CkX8x,"https://tvax2.sinaimg.cn/crop.0.0.440.440.180/007JeldNly1hopkfqvzp7j30c80c874p.jpg?KID=imgbed,tva&Expires=1714914053&ssig=sRrqCGQRWs",圈内的桔桔,https://weibo.com/u/7081283115,0.0,正面
5030406066536845,2058,33,61,湖北,现在看还是很喜欢的一组（Jisoo金智秀 ​,35,2024-05-04,明星,https://weibo.com/5030406066536845/OcL02rqwZ,"https://tvax1.sinaimg.cn/crop.0.0.1080.1080.180/006d7Zu0ly8hgvunm8cwkj30u00u0gne.jpg?KID=imgbed,tva&Expires=1714914053&ssig=IAelMfBGj%2F",蒜蒜收藏夹,https://weibo.com/u/5690794000,0.0,正面
5029970991383855,114,40,2,广东,"韩国光头晒出一张合照，是自己和丈母娘的，评论区可笑死我了！

有网友反映，韩国光头具俊晔晒出了一张照片，里面是他紧挨着现在的丈母娘，也就是大S的妈妈黄春梅的一张合影。本来就是一张普通的照片，但是到网友们的嘴里，那可谓五花八门。“他们的皮带真匹配”，“他们的脸型都好像啊”，“他们的身 ​",1669,2024-05-03,明星,https://weibo.com/5029970991383855/OczGj5O0f,"https://tvax1.sinaimg.cn/crop.0.0.600.600.180/008vcYgply8hlkubwuk62j30go0gogmt.jpg?KID=imgbed,tva&Expires=1714914053&ssig=Ey9XMajyh9",娱笑乐乐,https://weibo.com/u/7790220665,1.0,正面
